start_lat,start_lon,end_lat,end_lon
7.800569,6.729960,7.804900,6.706900