start_lat,start_lon,end_lat,end_lon
7.806882,6.738693,7.802374,6.720109